{
  "id": "",
  "name": "",
  "font_family": "iconfont",
  "css_prefix_text": "icon-",
  "description": "",
  "glyphs": [
    {
      "icon_id": "1196941",
      "name": "menu",
      "font_class": "menu",
      "unicode": "e647",
      "unicode_decimal": 58951
    },
    {
      "icon_id": "1535319",
      "name": "图文",
      "font_class": "tuwen",
      "unicode": "e699",
      "unicode_decimal": 59033
    },
    {
      "icon_id": "2923089",
      "name": "shipin",
      "font_class": "shipin",
      "unicode": "e69e",
      "unicode_decimal": 59038
    },
    {
      "icon_id": "6275362",
      "name": "添加",
      "font_class": "icon-test",
      "unicode": "e61e",
      "unicode_decimal": 58910
    },
    {
      "icon_id": "6654507",
      "name": "card-hero",
      "font_class": "card-hero",
      "unicode": "e61f",
      "unicode_decimal": 58911
    },
    {
      "icon_id": "8739885",
      "name": "返 回",
      "font_class": "fanhui",
      "unicode": "e602",
      "unicode_decimal": 58882
    },
    {
      "icon_id": "13044692",
      "name": "more read",
      "font_class": "moreread",
      "unicode": "e672",
      "unicode_decimal": 58994
    }
  ]
}
